column,dtype,non_null_n,non_null_fraction,description,example_value
SRC_NAME,object,5865,1.0,,b'4FGL_J0001.6-4156'
RAJ2000,float64,5865,1.0,Right ascension in degrees (J2000).,0.386479595833
DECJ2000,float64,5865,1.0,Declination in degrees (J2000).,-41.9237053972
BLAZAR_CLASS,object,5865,1.0,BlazEr1 source class.,b'bcu'
CONF_BLAZAR,float64,5865,1.0,,1.0
FGL_SRC_NAME,object,5865,1.0,,b'4FGL_J0001.6-4156'
BZCAT_SRC_NAME,object,1854,0.316113,,b'-'
HSP_SRC_NAME,object,2112,0.360102,,b'-'
HIGHZ_SRC_NAME,object,2112,0.360102,,b'-'
MILLIQUAS_SRC_NAME,object,2184,0.372379,,b'MILLIQUAS_J000132.7-415525'
KDEBLLACS_SRC_NAME,object,2509,0.427792,,b'-'
WIBRALS2_SRC_NAME,object,4109,0.700597,,b'WIBRaLS2_J000132.74-415525.2'
ABC_SRC_NAME,object,4394,0.74919,,b'-'
BROS_SRC_NAME,object,5865,1.0,,b'-'
ANGSEP,float64,5865,1.0,,0.0003057477701349
DETUID,object,5865,1.0,,b'em01_002132_020_ML00001_002_c010'
IAUNAME,object,5865,1.0,,b'1eRASS J000132.7-415526'
SKYTILE,int64,5865,1.0,,2132
ID_SRC,int64,5865,1.0,,1
UID,int64,5865,1.0,,100213200001
UID_HARD,int64,5865,1.0,,200213200001
ID_CLUSTER,int64,5865,1.0,,1
RA,float64,5865,1.0,,0.3865549832508098
RA_ERR,object,5865,1.0,,[-0.4500782   0.42805532]
DEC,float64,5865,1.0,,-41.92400595588937
DEC_ERR,object,5865,1.0,,[-0.40199226  0.39735112]
RA_RAW,float64,5865,1.0,,0.386711827470504
DEC_RAW,float64,5865,1.0,,-41.923944059002
POS_ERR,float64,5865,1.0,,1.0298609733581543
RADEC_ERR,float64,5865,1.0,,0.6209341883659363
LII,float64,5865,1.0,,334.32018228806766
BII,float64,5865,1.0,,-72.02916122043939
ELON,float64,5865,1.0,,340.6577394971468
ELAT,float64,5865,1.0,,-37.95206702606208
MJD,float64,5865,1.0,,58993.684
MJD_MIN,float64,5865,1.0,,58993.35
MJD_MAX,float64,5865,1.0,,58994.02
EXT,float64,5865,1.0,,0.0
EXT_ERR,float64,5865,1.0,,0.0
EXT_ASYM_ERR,object,5865,1.0,,[-0.  0.]
EXT_LIKE,float64,5865,1.0,,0.0
DET_LIKE_0,float64,5865,1.0,,3600.7556
ML_CTS_1,float64,5865,1.0,,640.2616
ML_CTS_1_ERR,float64,5865,1.0,,25.949718
ML_CTS_1_ASYM_ERR,object,5865,1.0,,[-25.028456  26.87098 ]
ML_RATE_1,float64,5865,1.0,,6.6989746
ML_RATE_1_ERR,float64,5865,1.0,,0.27150857
ML_RATE_1_ASYM_ERR,object,5865,1.0,,[-0.26186952  0.2811476 ]
ML_FLUX_1,float64,5865,1.0,,6.237407e-12
ML_FLUX_1_ERR,float64,5865,1.0,,2.5280128e-13
ML_FLUX_1_ASYM_ERR,object,5865,1.0,,[-2.4382636e-13  2.6177617e-13]
ML_BKG_1,float64,5865,1.0,,0.5821022
ML_EXP_1,float64,5865,1.0,,95.57606
ML_EEF_1,float64,5865,1.0,,0.8836025
APE_CTS_1,int64,5865,1.0,,490
APE_BKG_1,float64,5865,1.0,,0.5222672
APE_EXP_1,float64,5865,1.0,,95.577484
APE_RADIUS_1,float64,5865,1.0,,7.6411524
APE_POIS_1,float64,5844,0.996419,,0.0
DET_LIKE_P1,float64,5863,0.999659,,1203.1104
ML_CTS_P1,float64,5865,1.0,,202.38803
ML_CTS_P1_ERR,float64,5865,1.0,,16.978403
ML_CTS_P1_ASYM_ERR,object,5865,1.0,,[-8.252019 25.704788]
ML_RATE_P1,float64,5865,1.0,,2.0881245
ML_RATE_P1_ERR,float64,5865,1.0,,0.1751735
ML_RATE_P1_ASYM_ERR,object,5865,1.0,,[-0.08513963  0.26520738]
ML_FLUX_P1,float64,5865,1.0,,2.2655142e-12
ML_FLUX_P1_ERR,float64,5865,1.0,,1.900548e-13
ML_FLUX_P1_ASYM_ERR,object,5865,1.0,,[-9.237239e-14  2.877372e-13]
ML_BKG_P1,float64,5865,1.0,,0.18790859
ML_EXP_P1,float64,5865,1.0,,96.923355
ML_EEF_P1,float64,5865,1.0,,0.8923024
APE_CTS_P1,int64,5865,1.0,,162
APE_BKG_P1,float64,5865,1.0,,0.13195798
APE_EXP_P1,float64,5865,1.0,,96.92445
APE_RADIUS_P1,float64,5865,1.0,,7.098628
APE_POIS_P1,float64,4898,0.835124,,0.0
DET_LIKE_P2,float64,5865,1.0,,1464.2156
ML_CTS_P2,float64,5865,1.0,,247.69409
ML_CTS_P2_ERR,float64,5865,1.0,,24.714651
ML_CTS_P2_ASYM_ERR,object,5865,1.0,,[-6.338982 43.09032 ]
ML_RATE_P2,float64,5865,1.0,,2.5476146
ML_RATE_P2_ERR,float64,5865,1.0,,0.25419825
ML_RATE_P2_ASYM_ERR,object,5865,1.0,,[-0.0651985  0.443198 ]
ML_FLUX_P2,float64,5865,1.0,,1.8746244e-12
ML_FLUX_P2_ERR,float64,5865,1.0,,1.8704802e-13
ML_FLUX_P2_ASYM_ERR,object,5865,1.0,,[-4.7975346e-14  3.2612067e-13]
ML_BKG_P2,float64,5865,1.0,,0.2402067
ML_EXP_P2,float64,5865,1.0,,97.22589
ML_EEF_P2,float64,5865,1.0,,0.8869417
APE_CTS_P2,int64,5865,1.0,,195
APE_BKG_P2,float64,5865,1.0,,0.17732906
APE_EXP_P2,float64,5865,1.0,,97.23187
APE_RADIUS_P2,float64,5865,1.0,,7.3335443
APE_POIS_P2,float64,5751,0.980563,,0.0
DET_LIKE_P3,float64,5865,1.0,,872.445
ML_CTS_P3,float64,5865,1.0,,156.5714
ML_CTS_P3_ERR,float64,5865,1.0,,13.416388
ML_CTS_P3_ASYM_ERR,object,5865,1.0,,[-10.03099   16.801785]
ML_RATE_P3,float64,5865,1.0,,1.6359973
ML_RATE_P3_ERR,float64,5865,1.0,,0.14018635
ML_RATE_P3_ASYM_ERR,object,5865,1.0,,[-0.1048127  0.17556  ]
ML_FLUX_P3,float64,5865,1.0,,1.6134096e-12
ML_FLUX_P3_ERR,float64,5865,1.0,,1.3825085e-13
ML_FLUX_P3_ASYM_ERR,object,5865,1.0,,[-1.03365585e-13  1.73136096e-13]
ML_BKG_P3,float64,5865,1.0,,0.18457247
ML_EXP_P3,float64,5865,1.0,,95.70395
ML_EEF_P3,float64,5865,1.0,,0.8836025
APE_CTS_P3,int64,5865,1.0,,124
APE_BKG_P3,float64,5865,1.0,,0.15916535
APE_EXP_P3,float64,5865,1.0,,95.70252
APE_RADIUS_P3,float64,5865,1.0,,7.796756
APE_POIS_P3,float64,5764,0.982779,,0.0
DET_LIKE_P4,float64,5858,0.998806,,81.30313
ML_CTS_P4,float64,5865,1.0,,22.80319
ML_CTS_P4_ERR,float64,5865,1.0,,5.120866
ML_CTS_P4_ASYM_ERR,object,5865,1.0,,[-4.7227387  5.518993 ]
ML_RATE_P4,float64,5865,1.0,,0.30529407
ML_RATE_P4_ERR,float64,5865,1.0,,0.06855927
ML_RATE_P4_ASYM_ERR,object,5865,1.0,,[-0.06322905  0.07388948]
ML_FLUX_P4,float64,5865,1.0,,1.8927095e-12
ML_FLUX_P4_ERR,float64,5865,1.0,,4.2504195e-13
ML_FLUX_P4_ASYM_ERR,object,5865,1.0,,[-3.919966e-13  4.580873e-13]
ML_BKG_P4,float64,5865,1.0,,0.22381589
ML_EXP_P4,float64,5865,1.0,,74.69254
ML_EEF_P4,float64,5865,1.0,,0.85624605
APE_CTS_P4,int64,5865,1.0,,19
APE_BKG_P4,float64,5865,1.0,,0.30633795
APE_EXP_P4,float64,5865,1.0,,74.683426
APE_RADIUS_P4,float64,5865,1.0,,9.933478
APE_POIS_P4,float64,4658,0.794203,,1.0626176e-27
DET_LIKE_P5,float64,5847,0.996931,,1.0424237
ML_CTS_P5,float64,5865,1.0,,1.0004692
ML_CTS_P5_ERR,float64,5865,1.0,,1.1341697
ML_CTS_P5_ASYM_ERR,object,5865,1.0,,[-0.8295558  1.4387836]
ML_RATE_P5,float64,5865,1.0,,0.021081537
ML_RATE_P5_ERR,float64,5865,1.0,,0.023898827
ML_RATE_P5_ASYM_ERR,object,5865,1.0,,[-0.01748011  0.03031754]
ML_FLUX_P5,float64,5865,1.0,,7.5942133e-13
ML_FLUX_P5_ERR,float64,5865,1.0,,8.6090873e-13
ML_FLUX_P5_ASYM_ERR,object,5865,1.0,,[-6.2968690e-13  1.0921305e-12]
ML_BKG_P5,float64,5865,1.0,,0.2027417
ML_EXP_P5,float64,5865,1.0,,47.45713
ML_EEF_P5,float64,5865,1.0,,0.73298055
APE_CTS_P5,int64,5865,1.0,,1
APE_BKG_P5,float64,5865,1.0,,0.5062209
APE_EXP_P5,float64,5865,1.0,,47.441254
APE_RADIUS_P5,float64,5865,1.0,,13.367275
APE_POIS_P5,float64,3522,0.600512,,0.3972308
DET_LIKE_P6,float64,5861,0.999318,,8.637425
ML_CTS_P6,float64,5865,1.0,,4.5034018
ML_CTS_P6_ERR,float64,5865,1.0,,2.4472196
ML_CTS_P6_ASYM_ERR,object,5865,1.0,,[-1.9931079  2.9013317]
ML_RATE_P6,float64,5865,1.0,,0.08928983
ML_RATE_P6_ERR,float64,5865,1.0,,0.048521504
ML_RATE_P6_ASYM_ERR,object,5865,1.0,,[-0.03951774  0.05752527]
ML_FLUX_P6,float64,5865,1.0,,2.6813762e-12
ML_FLUX_P6_ERR,float64,5865,1.0,,1.4571022e-12
ML_FLUX_P6_ASYM_ERR,object,5865,1.0,,[-1.1867189e-12  1.7274856e-12]
ML_BKG_P6,float64,5865,1.0,,0.36539954
ML_EXP_P6,float64,5865,1.0,,50.435776
ML_EEF_P6,float64,5865,1.0,,0.73298055
APE_CTS_P6,int64,5865,1.0,,4
APE_BKG_P6,float64,5865,1.0,,0.9124251
APE_EXP_P6,float64,5865,1.0,,50.418056
APE_RADIUS_P6,float64,5865,1.0,,13.367275
APE_POIS_P6,float64,4731,0.80665,,0.014081422
DET_LIKE_P7,float64,5860,0.999147,,0.0
ML_CTS_P7,float64,5865,1.0,,0.0
ML_CTS_P7_ERR,float64,5865,1.0,,0.7272727
ML_CTS_P7_ASYM_ERR,object,5865,1.0,,[-0.         0.7272727]
ML_RATE_P7,float64,5865,1.0,,0.0
ML_RATE_P7_ERR,float64,5865,1.0,,0.013917047
ML_RATE_P7_ASYM_ERR,object,5865,1.0,,[-0.          0.01391705]
ML_FLUX_P7,float64,5865,1.0,,0.0
ML_FLUX_P7_ERR,float64,5865,1.0,,3.6308497e-13
ML_FLUX_P7_ASYM_ERR,object,5865,1.0,,[-0.0000000e+00  3.6308497e-13]
ML_BKG_P7,float64,5865,1.0,,0.06503409
ML_EXP_P7,float64,5865,1.0,,52.25769
ML_EEF_P7,float64,5865,1.0,,0.73298055
APE_CTS_P7,int64,5865,1.0,,0
APE_BKG_P7,float64,5865,1.0,,0.1344249
APE_EXP_P7,float64,5865,1.0,,52.266068
APE_RADIUS_P7,float64,5865,1.0,,12.153477
APE_POIS_P7,float64,1629,0.277749,,0.13070072
DET_LIKE_P8,float64,5863,0.999659,,0.0
ML_CTS_P8,float64,5865,1.0,,0.0
ML_CTS_P8_ERR,float64,5865,1.0,,0.72727275
ML_CTS_P8_ASYM_ERR,object,5865,1.0,,[-0.          0.72727275]
ML_RATE_P8,float64,5865,1.0,,0.0
ML_RATE_P8_ERR,float64,5865,1.0,,0.016608786
ML_RATE_P8_ASYM_ERR,object,5865,1.0,,[-0.          0.01660879]
ML_FLUX_P8,float64,5865,1.0,,0.0
ML_FLUX_P8_ERR,float64,5865,1.0,,7.573546e-13
ML_FLUX_P8_ASYM_ERR,object,5865,1.0,,[-0.000000e+00  7.573546e-13]
ML_BKG_P8,float64,5865,1.0,,0.06283148
ML_EXP_P8,float64,5865,1.0,,43.788437
ML_EEF_P8,float64,5865,1.0,,0.73298055
APE_CTS_P8,int64,5865,1.0,,0
APE_BKG_P8,float64,5865,1.0,,0.15695679
APE_EXP_P8,float64,5865,1.0,,43.79345
APE_RADIUS_P8,float64,5865,1.0,,13.367275
APE_POIS_P8,float64,1612,0.274851,,0.19298127
DET_LIKE_P9,float64,5863,0.999659,,0.0
ML_CTS_P9,float64,5865,1.0,,0.0
ML_CTS_P9_ERR,float64,5865,1.0,,0.72727275
ML_CTS_P9_ASYM_ERR,object,5865,1.0,,[-0.          0.72727275]
ML_RATE_P9,float64,5865,1.0,,0.0
ML_RATE_P9_ERR,float64,5865,1.0,,0.017899502
ML_RATE_P9_ASYM_ERR,object,5865,1.0,,[-0.         0.0178995]
ML_FLUX_P9,float64,5865,1.0,,0.0
ML_FLUX_P9_ERR,float64,5865,1.0,,1.4493524e-12
ML_FLUX_P9_ASYM_ERR,object,5865,1.0,,[-0.0000000e+00  1.4493524e-12]
ML_BKG_P9,float64,5865,1.0,,0.060121033
ML_EXP_P9,float64,5865,1.0,,40.630894
ML_EEF_P9,float64,5865,1.0,,0.70057523
APE_CTS_P9,int64,5865,1.0,,0
APE_BKG_P9,float64,5865,1.0,,0.15018699
APE_EXP_P9,float64,5865,1.0,,40.635986
APE_RADIUS_P9,float64,5865,1.0,,13.367275
APE_POIS_P9,float64,1528,0.260529,,0.184141
APE_CTS_S,int64,5865,1.0,,319
APE_BKG_S,float64,5865,1.0,,0.33649442
APE_EXP_S,float64,5865,1.0,,96.63686
APE_POIS_S,float64,5865,1.0,,0.0
FLAG_SP_SNR,int64,5865,1.0,,0
FLAG_SP_BPS,int64,5865,1.0,,0
FLAG_SP_SCL,int64,5865,1.0,,0
FLAG_SP_LGA,int64,5865,1.0,,0
FLAG_SP_GC_CONS,int64,5865,1.0,,0
FLAG_NO_RADEC_ERR,int64,5865,1.0,,0
FLAG_NO_EXT_ERR,int64,5865,1.0,,0
FLAG_NO_CTS_ERR,int64,5865,1.0,,0
FLAG_OPT,int64,5865,1.0,,0
CTS_1,float64,5865,1.0,,665.9055045503262
CTS_1_ERR,object,5865,1.0,,[-32.826027  34.27905 ]
CTS_T,float64,5865,1.0,,518.698109736457
CTS_T_ERR,object,5865,1.0,,[-28.944456  30.400763]
SPEC_EXPOTIME,float64,5865,1.0,,200.8984963
EXPOTIME,float64,5865,1.0,,95.49935913085938
MIN_FLUX_95,float64,5865,1.0,,9.105118003271328e-14
AVERAGE_NH,float64,5863,0.999659,,1.3e+20
WE_AVERAGE_NH,float64,5863,0.999659,,1.29e+20
HR12,float64,5837,0.995226,,-0.2624833333333333
HR12_ERR,object,5865,1.0,,[-0.55848336  0.72651666]
HR23,float64,5837,0.995226,,-0.2674499999999999
HR23_ERR,object,5865,1.0,,[-0.64818335  0.71855   ]
HR13,float64,5837,0.995226,,-0.4961833333333333
HR13_ERR,object,5865,1.0,,[-0.5176167   0.50088334]
PWL15_NORM,float64,5865,1.0,,0.0019140624999991
PWL15_NORM_ERR,object,5865,1.0,,[-0.0001353   0.00014947]
PWL15_FLUX_UNABS_0,float64,5865,1.0,,5.770985724369102e-12
PWL15_FLUX_UNABS_0_ERR,object,5865,1.0,,[-4.1991315e-13  4.3800239e-13]
PWL15_FLUX_ABS_0,float64,5865,1.0,,5.3935536122046224e-12
PWL15_FLUX_ABS_0_ERR,object,5865,1.0,,[-3.9454860e-13  4.0665336e-13]
PWL15_C_VARIANCE,float64,5865,1.0,,11.714211753675777
PWL15_CASH,float64,5865,1.0,,214.0297248899305
PWL15_CSTAT_THEORY,float64,5865,1.0,,75.81712523173802
PWL15_REDCASH,float64,5865,1.0,,2.9726350679157023
PWL15_CASHBINS,int64,5865,1.0,,73
PWL15_CASHPAR,int64,5865,1.0,,1
PWL15_NUM_BINS,int64,5865,1.0,,73
PWL17_NORM,float64,5865,1.0,,0.0019335937499991
PWL17_NORM_ERR,object,5865,1.0,,[-0.0001364   0.00015112]
PWL17_FLUX_UNABS_0,float64,5865,1.0,,5.948055333248256e-12
PWL17_FLUX_UNABS_0_ERR,object,5865,1.0,,[-4.3286967e-13  4.5064760e-13]
PWL17_FLUX_ABS_0,float64,5865,1.0,,5.479614421527362e-12
PWL17_FLUX_ABS_0_ERR,object,5865,1.0,,[-3.9666331e-13  4.1720807e-13]
PWL17_C_VARIANCE,float64,5865,1.0,,11.56920036263782
PWL17_CASH,float64,5865,1.0,,161.4452568484313
PWL17_CSTAT_THEORY,float64,5865,1.0,,75.35260184995434
PWL17_REDCASH,float64,5865,1.0,,2.2422952340059905
PWL17_CASHBINS,int64,5865,1.0,,73
PWL17_CASHPAR,int64,5865,1.0,,1
PWL17_NUM_BINS,int64,5865,1.0,,73
PWL20_NORM,float64,5865,1.0,,0.0019140624999991
PWL20_NORM_ERR,object,5865,1.0,,[-0.00013881  0.00014515]
PWL20_FLUX_UNABS_0,float64,5865,1.0,,6.255326747075823e-12
PWL20_FLUX_UNABS_0_ERR,object,5865,1.0,,[-4.5417695e-13  4.7534985e-13]
PWL20_FLUX_ABS_0,float64,5865,1.0,,5.631511820097321e-12
PWL20_FLUX_ABS_0_ERR,object,5865,1.0,,[-4.0926027e-13  4.2705013e-13]
PWL20_C_VARIANCE,float64,5865,1.0,,11.372586646614046
PWL20_CASH,float64,5865,1.0,,105.68547499565594
PWL20_CSTAT_THEORY,float64,5865,1.0,,74.46902465392068
PWL20_REDCASH,float64,5865,1.0,,1.4678538193841102
PWL20_CASHBINS,int64,5865,1.0,,73
PWL20_CASHPAR,int64,5865,1.0,,1
PWL20_NUM_BINS,int64,5865,1.0,,73
PWL23_NORM,float64,5865,1.0,,0.0018359374999991
PWL23_NORM_ERR,object,5865,1.0,,[-0.00013877  0.00013351]
PWL23_FLUX_UNABS_0,float64,5865,1.0,,6.6355205727976315e-12
PWL23_FLUX_UNABS_0_ERR,object,5865,1.0,,[-4.8364042e-13  5.0376484e-13]
PWL23_FLUX_ABS_0,float64,5865,1.0,,5.812661063954893e-12
PWL23_FLUX_ABS_0_ERR,object,5865,1.0,,[-4.1939539e-13  4.4559362e-13]
PWL23_C_VARIANCE,float64,5865,1.0,,11.210233092199696
PWL23_CASH,float64,5865,1.0,,77.45296407319756
PWL23_CSTAT_THEORY,float64,5865,1.0,,73.42707422608605
PWL23_REDCASH,float64,5865,1.0,,1.075735612127744
PWL23_CASHBINS,int64,5865,1.0,,73
PWL23_CASHPAR,int64,5865,1.0,,1
PWL23_NUM_BINS,int64,5865,1.0,,73
FLUX_JY,float64,5865,1.0,,1.269023437499414e-06
FLUX_JY_ERR,float64,5865,1.0,,5.85061128771649e-08
FREE_NH,float64,1273,0.21705,,7.661053679008142e+19
FREE_NH_ERR,object,5865,1.0,,[-7.6610540e+19  1.4471063e+20]
FREE_GAMMA,float64,1273,0.21705,,2.399166948427635
FREE_GAMMA_ERR,object,5865,1.0,,[-0.17117156  0.20507514]
FREE_NORM,float64,1273,0.21705,,0.0017331514971238
FREE_NORM_ERR,object,5865,1.0,,[-0.00015377  0.00016647]
FREE_FLUX_UNABS_0,float64,1273,0.21705,,6.595059984975922e-12
FREE_FLUX_UNABS_0_ERR,object,5865,1.0,,[-4.757098e-13  5.071467e-13]
FREE_FLUX_ABS_0,float64,1273,0.21705,,6.040790162406329e-12
FREE_FLUX_ABS_0_ERR,object,5865,1.0,,[-4.3917346e-13  4.6010071e-13]
FREE_C_VARIANCE,float64,1273,0.21705,,11.154673471504308
FREE_CASH,float64,1273,0.21705,,73.05276579082945
FREE_CSTAT_THEORY,float64,1273,0.21705,,73.01213492888633
FREE_REDCASH,float64,1273,0.21705,,1.043610939868992
FREE_CASHBINS,int64,5865,1.0,,73
FREE_CASHPAR,int64,5865,1.0,,3
FREE_NUM_BINS,int64,5865,1.0,,73
FIXED_NH,float64,1273,0.21705,,1.3e+20
FIXED_GAMMA,float64,1273,0.21705,,2.464284965346593
FIXED_GAMMA_ERR,object,5865,1.0,,[-0.13503528  0.13621196]
FIXED_NORM,float64,1273,0.21705,,0.0017616988290717
FIXED_NORM_ERR,object,5865,1.0,,[-0.0001417   0.00014858]
FIXED_FLUX_UNABS_0,float64,1273,0.21705,,6.876124793251338e-12
FIXED_FLUX_UNABS_0_ERR,object,5865,1.0,,[-5.005038e-13  5.242785e-13]
FIXED_FLUX_ABS_0,float64,1273,0.21705,,5.935229272296744e-12
FIXED_FLUX_ABS_0_ERR,object,5865,1.0,,[-4.3051822e-13  4.5353435e-13]
FIXED_C_VARIANCE,float64,1273,0.21705,,11.132952764873762
FIXED_CASH,float64,1273,0.21705,,73.45168145978714
FIXED_CSTAT_THEORY,float64,1273,0.21705,,72.82570394882477
FIXED_REDCASH,float64,1273,0.21705,,1.0345307247857345
FIXED_CASHBINS,int64,5865,1.0,,73
FIXED_CASHPAR,int64,5865,1.0,,2
FIXED_NUM_BINS,int64,5865,1.0,,73
RXS_RA,float64,1496,0.255072,,0.3980134988758118
RXS_DEC,float64,1496,0.255072,,-41.92196023111872
RXS_NH_GAL,float64,1412,0.24075,,0.1879999935626983
RXS_NH,float64,1416,0.241432,,0.4620000123977661
RXS_GAMMA,float64,1416,0.241432,,-1.2970000505447388
RXS_GAMMA_ERR,float64,1416,0.241432,,3.0480000972747803
RXS_FLUX_U,float64,1416,0.241432,,1.8819999812041965e-12
XRT_SRC_NAME,object,1249,0.212958,,b'2SXPS J000132.6-415523'
XRT_RA,float64,1249,0.212958,,0.3862399999999999
XRT_DEC,float64,1249,0.212958,,-41.92307999999999
XRT_ANGSEP,float64,1249,0.212958,,2.341111172427252
XRT_FLAG,float64,1249,0.212958,,1.0
XRT_NH,float64,1249,0.212958,,2.461e+20
XRT_NH_ERR,object,5865,1.0,,[2.4610e+20 4.2187e+20]
XRT_GAMMA,float64,785,0.133845,,2.325000047683716
XRT_GAMMA_ERR,object,5865,1.0,,[0.22521 0.25524]
XRT_ABS_FLUX_V,float64,1247,0.212617,,2.24799996326186e-12
XRT_ABS_FLUX_V_ERR,object,5865,1.0,,[1.2788e-13 1.2788e-13]
XRT_UNABS_FLUX_V,float64,1249,0.212958,,2.48e-12
XRT_UNABS_FLUX_V_ERR,object,5865,1.0,,[1.412e-13 1.412e-13]
OUSXB_RA,float64,1039,0.177153,,0.38696
OUSXB_DEC,float64,1039,0.177153,,-41.92315
OUSXB_MIN_FLUX_V,float64,1039,0.177153,,2.0059999668e-12
OUSXB_MAX_FLUX_V,float64,1039,0.177153,,2.0059999668e-12
OUSXB_MEAN_FLUX_V,float64,1039,0.177153,,2.0059999668e-12
OUSXB_MEDIAN_FLUX_V,float64,1039,0.177153,,2.0059999668e-12
OUSXB_N_FLUX_V,float64,5865,1.0,,1.0
OUSXB_MIN_GAMMA,float64,729,0.124297,,1.4700000286
OUSXB_MAX_GAMMA,float64,729,0.124297,,1.4700000286
OUSXB_MEAN_GAMMA,float64,729,0.124297,,1.4700000286
OUSXB_MEDIAN_GAMMA,float64,729,0.124297,,1.4700000286
OUSXB_N_GAMMA,float64,5865,1.0,,1.0
NUSTAR_RA,float64,46,0.007843,,272.4911
NUSTAR_DEC,float64,46,0.007843,,-45.8781
NUSTAR_GAMMA,float64,46,0.007843,,1.75
NUSTAR_GAMMA_ERR,float64,46,0.007843,,0.1
NUSTAR_FLUX_X,float64,46,0.007843,,1.72e-12
NUSTAR_FLUX_X_ERR,float64,46,0.007843,,3e-14
NUSTAR_FLUX_Y,float64,46,0.007843,,2.09e-12
NUSTAR_FLUX_Y_ERR,float64,46,0.007843,,6e-14
BAT_SRC_NAME,object,5865,1.0,,b'nan'
BAT_RA,float64,96,0.016368,,92.2046
BAT_DEC,float64,96,0.016368,,-54.9451
BAT_TYPE,object,5865,1.0,,b'nan'
BAT_FLUX_Z,float64,96,0.016368,,7.58e-12
BAT_MIN_FLUX_Z,float64,96,0.016368,,4.43e-12
BAT_MAX_FLUX_Z,float64,96,0.016368,,1.123e-11
BAT_GAMMA,float64,96,0.016368,,1.41
BAT_MIN_GAMMA,float64,96,0.016368,,0.72
BAT_MAX_GAMMA,float64,96,0.016368,,2.1
ASCAMASTER_EXPOTIME,float64,5865,1.0,,0.0
CHANMASTER_EXPOTIME,float64,5865,1.0,,0.0
NUMASTER_EXPOTIME,float64,5865,1.0,,0.0
SUZAMASTER_EXPOTIME,float64,5865,1.0,,0.0
XMMMASTER_EXPOTIME,float64,5865,1.0,,0.0
SWIFTMASTR_EXPOTIME,float64,5865,1.0,,6261.986
ROSMASTER_EXPOTIME,float64,5865,1.0,,0.0
FGL_COMMON_SRC_NAME,object,5865,1.0,,b'2MASS J00013275-4155252'
FGL_FLUX_B,float64,1293,0.22046,,3.1267710642879365e-10
FGL_FLUX_B_ERR,float64,1293,0.22046,,3.161919337468788e-11
FGL_FLUX_A,float64,1293,0.22046,,3.2608037364018072e-12
FGL_FLUX_A_ERR,float64,1293,0.22046,,4.266820187101561e-13
FGL_SPEC_TYPE,object,5865,1.0,,b'LogParabola'
FGL_PL_FLUXDEN,float64,1293,0.22046,,3.982322352197484e-14
FGL_PL_FLUXDEN_ERR,float64,1293,0.22046,,3.9063986386736384e-15
FGL_PL_INDEX,float64,1293,0.22046,,1.7810847759246826
FGL_PL_INDEX_ERR,float64,1292,0.22029,,0.063961885869503
FGL_LP_FLUXDEN,float64,1293,0.22046,,4.578294056259252e-14
FGL_LP_FLUXDEN_ERR,float64,1293,0.22046,,5.211077558098807e-15
FGL_LP_INDEX,float64,1293,0.22046,,1.5809705257415771
FGL_LP_INDEX_ERR,float64,1293,0.22046,,0.1248076036572456
FGL_LP_BETA,float64,1293,0.22046,,0.1209013909101486
FGL_LP_BETA_ERR,float64,1293,0.22046,,0.0566505268216133
FGL_LP_EPEAK,float64,1117,0.190452,,15441.65234375
FGL_LP_EPEAK_ERR,float64,1117,0.190452,,8987.7646484375
FGL_LP_SIGCURV,float64,1293,0.22046,,2.630328893661499
FGL_PLEC_FLUXDEN,float64,1293,0.22046,,4.321717612140556e-14
FGL_PLEC_FLUXDEN_ERR,float64,1293,0.22046,,4.76007782994857e-15
FGL_PLEC_INDEX,float64,1293,0.22046,,1.5865743160247805
FGL_PLEC_INDEX_ERR,float64,1293,0.22046,,0.1193713024258613
FGL_PLEC_EXPFACTOR,float64,1293,0.22046,,0.0982057452201843
FGL_PLEC_EXPFACTOR_ERR,float64,1293,0.22046,,0.0604930445551872
FGL_PLEC_EXPINDEX,float64,1293,0.22046,,0.6666666865348816
FGL_PLEC_EXPINDEX_ERR,float64,2,0.000341,,0.058275893330574
FGL_PLEC_EPEAK,float64,743,0.126684,,20271.28515625
FGL_PLEC_EPEAK_ERR,float64,743,0.126684,,10459.35546875
FGL_PLEC_SIGCURV,float64,1293,0.22046,,2.3296473026275635
LAC_SED_CLASS,object,5616,0.957545,,b'HSP'
LAC_HE_EPEAK,float64,1077,0.183632,,33178.4375
LAC_HE_EPEAK_ERR,float64,1077,0.183632,,44274.35546875
LAC_HE_NUFNU,float64,1246,0.212447,,4.817691205971641e-07
LAC_HE_NUFNU_ERR,float64,1246,0.212447,,1.0588072285599993e-07
LAC_LE_FREQ,float64,1246,0.212447,,7328245535997952.0
LAC_LE_NUFNU,float64,1246,0.212447,,1.902948285059658e-12
RFC_SRC_NAME,object,5865,1.0,,b'RFC_J0001-4155'
RFC_SBAND_RES,float64,2620,0.446718,,0.009
RFC_SUPPER_RES,object,4819,0.821654,,b'-'
RFC_SBAND_UNRES,float64,2620,0.446718,,1.0
RFC_SUPPER_UNRES,object,4867,0.829838,,b'-'
RFC_CBAND_RES,float64,2620,0.446718,,1.0
RFC_CUPPER_RES,object,4629,0.789258,,b'-'
RFC_CBAND_UNRES,float64,2620,0.446718,,1.0
RFC_CUPPER_UNRES,object,4852,0.82728,,b'-'
RFC_XBAND_RES,float64,2620,0.446718,,0.008
RFC_XUPPER_RES,object,3437,0.586019,,b'-'
RFC_XBAND_UNRES,float64,2620,0.446718,,1.0
RFC_XUPPER_UNRES,object,3762,0.641432,,b'-'
RFC_UBAND_RES,float64,2620,0.446718,,1.0
RFC_UUPPER_RES,object,5710,0.973572,,b'-'
RFC_UBAND_UNRES,float64,2620,0.446718,,1.0
RFC_UUPPER_UNRES,object,5708,0.973231,,b'-'
RFC_KBAND_RES,float64,2620,0.446718,,1.0
RFC_KUPPER_RES,object,5809,0.990452,,b'-'
RFC_KBAND_UNRES,float64,2620,0.446718,,1.0
RFC_KUPPER_UNRES,object,5814,0.991304,,b'-'
TANAMI_SRC_NAME,object,5865,1.0,,b'nan'
TANAMI_CLASS,object,5865,1.0,,b'nan'
TANAMI_FLUX,float64,52,0.008866,,0.315
MOJAVE_SRC_NAME,object,5865,1.0,,b'nan'
MOJAVE_CLASS,object,5865,1.0,,b'nan'
MOJAVE_FLUX,float64,97,0.016539,,4806.0
N_MATCH,float64,4924,0.839557,,1.0
LS10_SEP,float64,4924,0.839557,,0.026613836937955
LS10_USE,float64,4924,0.839557,,1.0
LS10_RELEASE,float64,4924,0.839557,,10000.0
LS10_BRICKID,float64,4924,0.839557,,109377.0
LS10_OBJID,float64,4924,0.839557,,1645.0
LS10_RA,float64,4924,0.839557,,0.3864717158244953
LS10_DEC,float64,4924,0.839557,,-41.92370089412539
LS10_Xray_proba,float64,4924,0.839557,,0.9998508500786468
LS10_FULLID,object,4924,0.839557,,b'10000_109377_1645'
ERO_LS10_FULLID,object,4874,0.831032,,b'em01_002132_020_ML00001_002_c010100001093771645'
LS10_RA_IVAR,float64,4924,0.839557,,680229100000000.0
LS10_DEC_IVAR,float64,4924,0.839557,,1059477100000000.0
SEPARATION_LS10_ERO,float64,4924,0.839557,,1.120641
NCAT,float64,4924,0.839557,,2.0
DIST_BAYESFACTOR,float64,4924,0.839557,,10.645533
DIST_POST,float64,4924,0.839557,,0.8143174
BIAS_LS10_XRAY_PROBA,float64,4924,0.839557,,9999.0
P_SINGLE,float64,4924,0.839557,,0.9999772
P_ANY,float64,4924,0.839557,,0.9999772
P_I,float64,4924,0.839557,,1.0
MATCH_FLAG,float64,4924,0.839557,,1.0
TYPE,object,4924,0.839557,,b'PSF'
LS10_DCHISQ,object,4924,0.839557,,b'2943511.8;2948028.8;2948539.8;2948093.5;0.0'
EBV,float64,4924,0.839557,,0.013280153
FLUX_G,float64,4924,0.839557,,38.276875
FLUX_IVAR_G,float64,4924,0.839557,,511.6474
MW_TRANSMISSION_G,float64,4924,0.839557,,0.96145076
FLUX_R,float64,4924,0.839557,,47.594368
FLUX_IVAR_R,float64,4924,0.839557,,551.5271
MW_TRANSMISSION_R,float64,4924,0.839557,,0.9738664
FLUX_I,float64,4924,0.839557,,56.231674
FLUX_IVAR_I,float64,4924,0.839557,,126.90664
MW_TRANSMISSION_I,float64,4924,0.839557,,0.9807159
FLUX_Z,float64,4924,0.839557,,59.76877
FLUX_IVAR_Z,float64,4924,0.839557,,152.12665
MW_TRANSMISSION_Z,float64,4924,0.839557,,0.98529685
FLUX_W1,float64,4924,0.839557,,169.52194
FLUX_IVAR_W1,float64,4924,0.839557,,1.5932682
MW_TRANSMISSION_W1,float64,4924,0.839557,,0.99775195
FLUX_W2,float64,4924,0.839557,,169.57301
FLUX_IVAR_W2,float64,4924,0.839557,,0.47762516
MW_TRANSMISSION_W2,float64,4924,0.839557,,0.9986188
FLUX_W3,float64,4924,0.839557,,299.13803
FLUX_IVAR_W3,float64,4924,0.839557,,0.0014860552
MW_TRANSMISSION_W3,float64,4924,0.839557,,0.99970526
FLUX_W4,float64,4924,0.839557,,1488.7756
FLUX_IVAR_W4,float64,4924,0.839557,,4.6013206e-06
MW_TRANSMISSION_W4,float64,4924,0.839557,,0.9998887
ANYMASK_G,int64,5865,1.0,,0
ALLMASK_G,int64,5865,1.0,,0
PSFSIZE_G,float64,4924,0.839557,,1.3380659
PSFDEPTH_G,float64,4924,0.839557,,4768.1167
GALDEPTH_G,float64,4924,0.839557,,2663.3162
ANYMASK_R,int64,5865,1.0,,0
ALLMASK_R,int64,5865,1.0,,0
PSFSIZE_R,float64,4924,0.839557,,1.1688125
PSFDEPTH_R,float64,4924,0.839557,,3875.028
GALDEPTH_R,float64,4924,0.839557,,2007.2932
ANYMASK_I,int64,5865,1.0,,0
ALLMASK_I,int64,5865,1.0,,0
PSFSIZE_I,float64,4924,0.839557,,1.0210385
PSFDEPTH_I,float64,4924,0.839557,,479.64267
GALDEPTH_I,float64,4924,0.839557,,222.1295
ANYMASK_Z,int64,5865,1.0,,0
ALLMASK_Z,int64,5865,1.0,,0
PSFSIZE_Z,float64,4924,0.839557,,1.0929564
PSFDEPTH_Z,float64,4924,0.839557,,314.53836
GALDEPTH_Z,float64,4924,0.839557,,154.77518
WISEMASK_W1,int64,5865,1.0,,0
PSFDEPTH_W1,float64,4924,0.839557,,6.013031
W1_MAG_AB,float64,4915,0.838022,,16.924492
W1_MAG,float64,4915,0.838022,,14.2254925
WISEMASK_W2,int64,5865,1.0,,0
PSFDEPTH_W2,float64,4924,0.839557,,1.1011355
W2_MAG_AB,float64,4913,0.837681,,16.925106
W2_MAG,float64,4913,0.837681,,13.586106
W3_MAG_AB,float64,4703,0.801876,,16.310001
W3_MAG,float64,4703,0.801876,,11.136002
W4_MAG_AB,float64,3665,0.624893,,14.567806
W4_MAG,float64,3665,0.624893,,7.9478064
SHAPE_R,float64,4924,0.839557,,0.0
SHAPE_R_IVAR,float64,4924,0.839557,,0.0
SHAPE_E1,float64,4924,0.839557,,0.0
SHAPE_E1_IVAR,float64,4924,0.839557,,0.0
SHAPE_E2,float64,4924,0.839557,,0.0
SHAPE_E2_IVAR,float64,4924,0.839557,,0.0
SERSIC,float64,4924,0.839557,,0.0
SERSIC_IVAR,float64,4924,0.839557,,0.0
REF_CAT,object,4363,0.743905,,b'GE'
REF_ID,int64,5865,1.0,,4995979729065629696
REF_EPOCH,float64,4924,0.839557,,2016.0
GAIA_PHOT_G_MEAN_MAG,float64,4924,0.839557,,18.356388
GAIA_PHOT_G_MEAN_FLUX_OVER_ERROR,float64,4924,0.839557,,73.32323
GAIA_PHOT_BP_MEAN_MAG,float64,4924,0.839557,,18.524342
GAIA_PHOT_BP_MEAN_FLUX_OVER_ERROR,float64,4924,0.839557,,15.811802
GAIA_PHOT_RP_MEAN_MAG,float64,4924,0.839557,,17.792938
GAIA_PHOT_RP_MEAN_FLUX_OVER_ERROR,float64,4924,0.839557,,18.499231
GAIA_ASTROMETRIC_EXCESS_NOISE,float64,4924,0.839557,,0.0
GAIA_PHOT_BP_RP_EXCESS_FACTOR,float64,4924,0.839557,,1.3285613
GAIA_ASTROMETRIC_SIGMA5D_MAX,float64,4924,0.839557,,0.23964433
GAIA_DUPLICATED_SOURCE,object,4924,0.839557,,b'False'
INALLLS10,float64,4924,0.839557,,1.0
INANYLS10,float64,4924,0.839557,,1.0
DERED_MAG_W1,float64,4915,0.838022,,16.924491629451047
DERED_MAG_W2,float64,4913,0.837681,,16.925107470709353
DERED_MAG_G,float64,4920,0.838875,,18.499976447687487
DERED_MAG_R,float64,4924,0.839557,,18.27735951377452
DERED_MAG_Z,float64,4921,0.839045,,18.04273197089976
SOFTFLUX_S,float64,4924,0.839557,,6.237506858372597e-12
SALVATO18_W1_X_LINEDISTANCE,float64,4915,0.838022,,4.817384563202549
SALVATO22_ZW1_GR_LINEDISTANCE,float64,4817,0.821313,,2.1401467943183383
G_MINUS_R,float64,4833,0.824041,,0.2226169339129704
Z_MINUS_W1,float64,4908,0.836829,,1.1182403414487148
W1_MINUS_W2,float64,4863,0.829156,,-0.0006158412583054
HAS_SALVATO18_AGN_COLORS,object,4924,0.839557,,b'True'
GAIA_MOVING_5SIGMA,object,4924,0.839557,,b'False'
HAS_SALVATO22_AGN_COLORS,object,4924,0.839557,,b'True'
SALVATO_MAIN_ID_SIMBAD,object,3497,0.596249,,b'2MASS J00013275-4155252'
SALVATO_RA_SIMBAD,float64,3497,0.596249,,0.3864789167
SALVATO_DEC_SIMBAD,float64,3497,0.596249,,-41.9237046389
EXGAL_PROB_GAIA_STAREX,float64,3717,0.63376,,0.9967298359669816
EXGAL_PROB_STAREX,float64,4616,0.787042,,0.958509528968048
CLASS_GAL_EXGAL,float64,4924,0.839557,,5.0
SALVATO_HECATE,float64,4924,0.839557,,0.0
SALVATO_HEC_OBJNAME,object,76,0.012958,,b'PGC014206'
SALVATO_HEC_RA,float64,76,0.012958,,59.669709
SALVATO_HEC_DEC,float64,76,0.012958,,-54.565028
SALVATO_HEC_R1,float64,76,0.012958,,0.215
SALVATO_HEC_R2,float64,76,0.012958,,0.154
SALVATO_HEC_PA,float64,76,0.012958,,53.5
PURITY6,float64,4874,0.831032,,0.9971181556195964
COMPLETENESS6,float64,4874,0.831032,,0.515850144092219
COMPUR6,float64,4874,0.831032,,0.8544668587896254
THRESHOLD6,float64,4874,0.831032,,0.02815
PURITY7,float64,4874,0.831032,,0.9963235294117648
COMPLETENESS7,float64,4874,0.831032,,0.5735294117647058
COMPUR7,float64,4874,0.831032,,0.8786764705882353
THRESHOLD7,float64,4874,0.831032,,0.0391
PURITY8,float64,4874,0.831032,,0.9956140350877192
COMPLETENESS8,float64,4874,0.831032,,0.6447368421052632
COMPUR8,float64,4874,0.831032,,0.912280701754386
THRESHOLD8,float64,4874,0.831032,,0.0516
Z_PHOTO_S3L,float64,4924,0.839557,,0.2821410705352676
Z_PHOTO_S3U,float64,4924,0.839557,,4.550275137568784
Z_PHOTO_S1L,float64,4924,0.839557,,0.0
Z_PHOTO_S1U,float64,4924,0.839557,,1.6028014007003502
Z_PHOTO,float64,4924,0.839557,,0.3871935967983992
Z_SPEC,float64,4924,0.839557,,0.8660215139389038
Z_SPEC_REF,object,2543,0.433589,,b'Quaia_G20.5_Storey-Fisher2024'
Z_ABC,float64,577,0.09838,,1.9
Z_3HSP,float64,779,0.132822,,0.0
Z_F_3HSP,float64,779,0.132822,,0.0
Z_MILLIQUAS,float64,681,0.116113,,0.4000000059604645
Z_HIGHZ,float64,6,0.001023,,4.63
Z_HIGHZ_REF,object,5865,1.0,,b'nan'
Z_MOJAVE,float64,82,0.013981,,0.127
Z_4LAC,float64,1246,0.212447,,-inf
Z_BZCAT,float64,1182,0.201535,,0.807
Z_U_BZCAT,object,4744,0.808866,,b'nan'
Z_CGRABS,float64,490,0.083546,,0.0
Z_F_CGRABS,object,5379,0.917136,,b'nan'
Z_VERONCAT,float64,189,0.032225,,0.0540000014007091
Z_VERONCAT_QSO,float64,573,0.097698,,0.8069999814033508
Z_SIMBAD,float64,2533,0.431884,,0.37
Z_MASTER,float64,3627,0.618414,,0.8660215139389038
Z_MASTER_REF,object,5865,1.0,,b'Salvato+25'
Z_MASTER_PHOTO,float64,4795,0.817562,,0.8660215139389038
Z_MASTER_PHOTO_REF,object,5865,1.0,,b'Salvato+25'
XRAY_LUM_PHOTO_1,float64,4795,0.817562,,2.29127683725109e+46
XRAY_LUM_PHOTO_1_ERR,object,5865,1.0,,[-inf  inf]
XRAY_LUM_1,float64,3627,0.618414,,2.29127683725109e+46
XRAY_LUM_1_ERR,object,5865,1.0,,[-inf  inf]
ALPHA_XG,float64,1293,0.22046,,1.2266407439665252
ALPHA_XG_ERR,float64,1293,0.22046,,0.0092695873305287
ALPHA_IRX,float64,4379,0.746633,,0.7814636352317607
ALPHA_IRX_ERR,float64,4382,0.747144,,0.0259327968490063
ALPHA_OX,float64,4265,0.727195,,0.7943209024561296
ALPHA_OX_ERR,float64,4265,0.727195,,0.007413824664596
ALPHA_RX,float64,2428,0.413981,,0.5100876402355585
ALPHA_RX_ERR,float64,2428,0.413981,,0.0039652331760579
ALPHA_TANAMI,float64,52,0.008866,,1.0305565887994557
ALPHA_TANAMI_ERR,float64,52,0.008866,,0.0358915146591829
ALPHA_MOJAVE,float64,97,0.016539,,1.7882127735198905
ALPHA_MOJAVE_ERR,float64,97,0.016539,,0.0059466001790098
SIMBAD_SRC_NAME,object,5438,0.927195,,b'4FGL_J0001.6-4156'
SIMBAD_TYPE,object,5438,0.927195,,b'BLLac'
SIMBAD_ALT_TYPES,object,5438,0.927195,,b'AGN|BLL|Bla|BLL|MIR|Bz?|Bz?|Bz?|Rad|Rad|X|gam'
SIMBAD_TYPE2,object,5438,0.927195,,b'BLLac'
SIMBAD_ANGSEP,float64,5438,0.927195,,1.1418400898597042e-06
CAMBRIDGE_SRC_NAME,object,5438,0.927195,,b'None'
PARKS_SRC_NAME,object,5438,0.927195,,b'None'
TEXAS_SRC_NAME,object,5438,0.927195,,b'None'
EINSTEIN_SRC_NAME,object,5438,0.927195,,b'None'
COMMON_SRC_NAME,object,5438,0.927195,,b'None'
BZCAT_RMAG,float64,1182,0.201535,,18.9
BZCAT_FR,float64,1182,0.201535,,2779.0
BZCAT_F143,float64,1182,0.201535,,0.0
BZCAT_FLUX_U,float64,1182,0.201535,,0.46
BZCAT_FLUX_B,float64,1182,0.201535,,0.0
BZCAT_ALPHA_RO,float64,1182,0.201535,,0.805
XIE_MORPH_BZCAT,object,5865,1.0,,b'nan'
XIE_MORPH_KDEBLLACS,object,5865,1.0,,b'nan'
XIE_MORPH_WIBRALS,object,5865,1.0,,b'nan'
ra_deg,float64,5865,1.0,,0.3865549832508098
dec_deg,float64,5865,1.0,,-41.92400595588937
fermi__right_index,float64,1310,0.223359,,8.0
fermi_Source_Name,object,1310,0.223359,,b'4FGL J0001.6-4156'
fermi_DataRelease,float64,1310,0.223359,,1.0
fermi_RAJ2000,float64,1310,0.223359,,0.4165
fermi_DEJ2000,float64,1310,0.223359,,-41.9425
fermi_GLON,float64,1310,0.223359,,334.22635
fermi_GLAT,float64,1310,0.223359,,-72.02855
fermi_Conf_68_SemiMajor,float64,1310,0.223359,,0.04267753
fermi_Conf_68_SemiMinor,float64,1310,0.223359,,0.03237818
fermi_Conf_68_PosAng,float64,1310,0.223359,,44.09
fermi_Conf_95_SemiMajor,float64,1310,0.223359,,0.0692
fermi_Conf_95_SemiMinor,float64,1310,0.223359,,0.0525
fermi_Conf_95_PosAng,float64,1310,0.223359,,44.09
fermi_ROI_num,float64,1310,0.223359,,1349.0
fermi_Extended_Source_Name,float64,0,0.0,,
fermi_Signif_Avg,float64,1310,0.223359,,17.98248
fermi_Pivot_Energy,float64,1310,0.223359,,2729.53
fermi_Flux1000,float64,1310,0.223359,,3.126771e-10
fermi_Unc_Flux1000,float64,1310,0.223359,,3.1619193e-11
fermi_Energy_Flux100,float64,1310,0.223359,,3.2608037e-12
fermi_Unc_Energy_Flux100,float64,1310,0.223359,,4.2668202e-13
fermi_SpectrumType,object,1310,0.223359,,b'LogParabola'
fermi_PL_Flux_Density,float64,1310,0.223359,,3.9823224e-14
fermi_Unc_PL_Flux_Density,float64,1310,0.223359,,3.9063986e-15
fermi_PL_Index,float64,1310,0.223359,,1.7810848
fermi_Unc_PL_Index,float64,1310,0.223359,,0.063961886
fermi_LP_Flux_Density,float64,1310,0.223359,,4.578294e-14
fermi_Unc_LP_Flux_Density,float64,1310,0.223359,,5.2110776e-15
fermi_LP_Index,float64,1310,0.223359,,1.5809705
fermi_Unc_LP_Index,float64,1310,0.223359,,0.1248076
fermi_LP_beta,float64,1310,0.223359,,0.12090139
fermi_Unc_LP_beta,float64,1310,0.223359,,0.056650527
fermi_LP_SigCurv,float64,1310,0.223359,,2.6303291
fermi_LP_EPeak,float64,1122,0.191304,,15441.652
fermi_Unc_LP_EPeak,float64,1122,0.191304,,8987.765
fermi_PLEC_Flux_Density,float64,1310,0.223359,,4.3217176e-14
fermi_Unc_PLEC_Flux_Density,float64,1310,0.223359,,4.760078e-15
fermi_PLEC_IndexS,float64,1310,0.223359,,1.5865743
fermi_Unc_PLEC_IndexS,float64,1310,0.223359,,0.1193713
fermi_PLEC_ExpfactorS,float64,1310,0.223359,,0.098205745
fermi_Unc_PLEC_ExpfactorS,float64,1310,0.223359,,0.060493045
fermi_PLEC_Exp_Index,float64,1310,0.223359,,0.6666667
fermi_Unc_PLEC_Exp_Index,float64,2,0.000341,,0.058275893
fermi_PLEC_SigCurv,float64,1310,0.223359,,2.3296475
fermi_PLEC_EPeak,float64,784,0.133674,,20271.285
fermi_Unc_PLEC_EPeak,float64,784,0.133674,,10459.355
fermi_Npred,float64,1310,0.223359,,294.07422
fermi_Flux_Band,object,1310,0.223359,,"[1.8588997008350816e-10, 5.605672592778888e-10, 1.9096339787250116e-10, 1.7259838003269579e-10, 9.661182270859214e-11, 3"
fermi_Unc_Flux_Band,object,1310,0.223359,,"[[None, 9.144555335183213e-09], [None, 7.306832361386739e-10], [-9.261919703407173e-11, 9.888186103257368e-11], [-2.8280"
fermi_nuFnu_Band,object,1310,0.223359,,"[3.136422735026609e-14, 1.5007226960694203e-13, 1.443955496621338e-13, 4.3719623190816015e-13, 6.833588599500229e-13, 7."
fermi_Sqrt_TS_Band,object,1310,0.223359,,"[0.037754785269498825, 0.7045572996139526, 2.1280641555786133, 8.377486228942871, 12.323554992675781, 8.843351364135742,"
fermi_Variability_Index,float64,1310,0.223359,,25.609457
fermi_Frac_Variability,float64,1310,0.223359,,0.36892056
fermi_Unc_Frac_Variability,float64,1310,0.223359,,0.14705929
fermi_Signif_Peak,float64,1310,0.223359,,-inf
fermi_Flux_Peak,float64,1310,0.223359,,-inf
fermi_Unc_Flux_Peak,float64,1310,0.223359,,-inf
fermi_Time_Peak,float64,1310,0.223359,,-inf
fermi_Peak_Interval,float64,1310,0.223359,,-inf
fermi_Flux_History,object,1310,0.223359,,"[1.2599415954994697e-09, 1.5561800736918485e-09, 7.210805286206323e-10, 6.376642547323286e-10, 8.641449777968546e-10, 5."
fermi_Unc_Flux_History,object,1310,0.223359,,"[[-3.484648403162538e-10, 4.241462181475697e-10], [-3.708204021624084e-10, 4.176767820496252e-10], [-2.5627838740049924e"
fermi_Sqrt_TS_History,object,1310,0.223359,,"[5.489983558654785, 6.74837064743042, 4.148642539978027, 3.6875622272491455, 4.447479724884033, 3.358186960220337, 2.409"
fermi_ASSOC_4FGL,object,1255,0.213981,,b'4FGL J0001.6-4156'
fermi_ASSOC_FGL,object,747,0.127366,,b'3FGL J0002.2-4152'
fermi_ASSOC_FHL,object,533,0.090878,,b'3FHL J0001.9-4155'
fermi_ASSOC_GAM1,object,25,0.004263,,b'2AGL J0733-7655'
fermi_ASSOC_GAM2,object,43,0.007332,,b'3EG J0702-6212'
fermi_ASSOC_GAM3,object,25,0.004263,,b'EGR J0737+1720'
fermi_TEVCAT_FLAG,object,1310,0.223359,,b'N'
fermi_ASSOC_TEV,object,33,0.005627,,b'PKS 0903-57'
fermi_CLASS1,object,1248,0.212788,,b'bcu'
fermi_CLASS2,float64,0,0.0,,
fermi_ASSOC1,object,1248,0.212788,,b'2MASS J00013275-4155252'
fermi_ASSOC2,object,1,0.000171,,b'FHES J1741.6-3917 field'
fermi_ASSOC_PROB_BAY,float64,1290,0.219949,,0.9963356
fermi_ASSOC_PROB_LR,float64,1310,0.223359,,0.85456926
fermi_RA_Counterpart,float64,1248,0.212788,,0.386479595833
fermi_DEC_Counterpart,float64,1248,0.212788,,-41.9237053972
fermi_Unc_Counterpart,float64,1248,0.212788,,6.9e-05
fermi_Flags,float64,1310,0.223359,,0.0
fermi_ra_deg,float64,1310,0.223359,,0.4165
fermi_dec_deg,float64,1310,0.223359,,-41.9425
fermi_matched,bool,5865,1.0,,True
fermi_sep_arcsec,float64,5865,1.0,,104.23140735273527
tevcat__right_index,float64,34,0.005797,,22.0
tevcat___row,float64,34,0.005797,,23.0
tevcat_source_number,float64,34,0.005797,,310.0
tevcat_source_sample,float64,34,0.005797,,2.0
tevcat_name,object,34,0.005797,,TeV J0904-575
tevcat_alt_name,object,34,0.005797,,PKS 0903-57
tevcat_ra,float64,34,0.005797,,136.22157917
tevcat_dec,float64,34,0.005797,,-57.58493972
tevcat_lii,float64,34,0.005797,,276.11660294
tevcat_bii,float64,34,0.005797,,-7.040879
tevcat_source_type,object,34,0.005797,,IBL
tevcat_flux,float64,26,0.004433,,0.02
tevcat_spectral_index,float64,23,0.003922,,3.552
tevcat_distance,float64,0,0.0,,
tevcat_redshift,float64,31,0.005286,,0.695
tevcat_discovery_date,object,34,0.005797,,2020-04
tevcat_extended_flag,float64,34,0.005797,,0.0
tevcat_x_size,float64,0,0.0,,
tevcat_y_size,float64,0,0.0,,
tevcat_tevcat_url,object,34,0.005797,,/?mode=1&showsrc=339
tevcat___x_ra_dec,float64,34,0.005797,,0.370876712003329
tevcat___y_ra_dec,float64,34,0.005797,,-0.387038348539874
tevcat___z_ra_dec,float64,34,0.005797,,-0.844187053474007
tevcat_ra_deg,float64,34,0.005797,,136.22157917
tevcat_dec_deg,float64,34,0.005797,,-57.58493972
tevcat_matched,bool,5865,1.0,,False
tevcat_sep_arcsec,float64,5865,1.0,,25248.70741109751
xray_flux_adopted,float64,5865,1.0,,6.237407e-12
log_fx,float64,5865,1.0,,-11.204995916669224
S_X,float64,5865,1.0,Robustly standardized X-ray brightness component.,4.232409462829542
xray_feature_available,bool,5865,1.0,,True
gamma_photon_index_adopted,float64,1310,0.223359,,1.7810848
S_gamma_hard,float64,1310,0.223359,,0.9807641649394891
S_gamma_var,float64,1310,0.223359,,0.0800892217340464
S_gamma_curv_penalty,float64,1310,0.223359,,0.6658418848204092
gamma_feature_available,bool,5865,1.0,,True
wise_w1_w2,float64,4863,0.829156,,0.6393865000000005
wise_w2_w3,float64,4652,0.79318,,2.450104
S_IR,float64,4863,0.829156,,1.1876394417452274
wise_feature_available,bool,5865,1.0,,True
radio_compactness_flux_ratio,float64,0,0.0,,
radio_compactness_rfc,float64,2620,0.446718,,0.5
radio_compactness_morph,float64,2248,0.383291,,1.0
radio_compactness,float64,3530,0.601876,,0.5
S_R,float64,3530,0.601876,,0.0
radio_feature_available,bool,5865,1.0,,True
gamma_energy_flux_adopted,float64,1310,0.223359,,3.2608037e-12
cd_proxy,float64,1310,0.223359,,-0.2816794282147401
S_CD_penalty,float64,1310,0.223359,,-1.8120458605603889
redshift_adopted,float64,5290,0.901961,,0.8660215139389038
redshift_adopted_source,object,5290,0.901961,,Z_SPEC
S_EBL_proxy,float64,5290,0.901961,,0.0994164588086532
log_nu_peak_proxy,float64,2866,0.488662,Mixed-source synchrotron-peak proxy in log10(Hz).,15.865000012125757
log_nu_peak_proxy_method,object,2866,0.488662,,LAC_LE_FREQ
S_nu_peak,float64,2866,0.488662,,4.189945040860705
n_score_components_available,int64,5865,1.0,,8
has_known_tev_match,bool,5865,1.0,,False
S_TeV_evo_raw,float64,5865,1.0,,11.329573826834883
S_TeV_evo,float64,5864,0.999829,,1.8127318122935816
tev_priority_tier,object,5865,1.0,,Gold
tier_rank,int64,5865,1.0,,3
broad_class,object,5865,1.0,,BCU/uncertain
sed_class_proxy,object,5865,1.0,,HSP-like
is_known_tev,bool,5865,1.0,,False
fermi_matched_clean,bool,5865,1.0,,True
redshift_adopted_clean,float64,5290,0.901961,Adopted redshift after the fixed source hierarchy.,0.8660215139389038
redshift_adopted_source_clean,object,5290,0.901961,,Z_SPEC
redshift_secure,bool,5865,1.0,Boolean secure-redshift flag.,True
branch_stage,object,5865,1.0,Demographic branch category; not a temporal evolutionary state.,HSP-like
branch_stage_rank,int64,5865,1.0,,3
is_known_tev_clean,bool,5865,1.0,Retrospective TeVCat match flag; not used to construct the score.,False
tier_rank_clean,int64,5865,1.0,,3
is_gold,bool,5865,1.0,,True
is_gold_silver,bool,5865,1.0,,True
redshift_clean,float64,5290,0.901961,,0.8660215139389038
log_nu_peak_clean,float64,2866,0.488662,,15.865000012125757
score_clean,float64,5865,1.0,,1.8127318122935816
S_full_recomputed_v0_1_8,float64,5865,1.0,,1.8127318122935816
S_xray_only_v0_1_8,float64,5865,1.0,,4.232409462829542
S_no_xray_v0_1_8,float64,5662,0.965388,,1.3518408312391128
S_full_residual_after_xray_v0_1_8,float64,5864,0.999829,,-0.1942327336022153
S_no_xray_residual_after_xray_v0_1_8,float64,5662,0.965388,,0.1056524394147722
full_recomputed_tier,object,5865,1.0,,Gold
xray_only_tier,object,5865,1.0,,Gold
no_xray_tier,object,5865,1.0,,Silver
full_resid_xray_tier,object,5865,1.0,,Low-priority
no_xray_resid_xray_tier,object,5865,1.0,,Low-priority
S_arch_published_available_v0_4_3,float64,5864,0.999829,,1.8127318122935816
percentile_arch_published_available_v0_4_3,float64,5864,0.999829,,95.49795361527968
tier_arch_published_available_v0_4_3,object,5865,1.0,,Gold
S_arch_radio_free_available_v0_4_3,float64,5865,1.0,,2.05992251396998
percentile_arch_radio_free_available_v0_4_3,float64,5865,1.0,,96.47058823529412
tier_arch_radio_free_available_v0_4_3,object,5865,1.0,,Gold
S_arch_active_available_v0_4_3,float64,5865,1.0,,2.05992251396998
percentile_arch_active_available_v0_4_3,float64,5865,1.0,,96.47058823529412
tier_arch_active_available_v0_4_3,object,5865,1.0,,Gold
S_arch_fixed_all_weight_v0_4_3,float64,5865,1.0,,1.8127318122935807
percentile_arch_fixed_all_weight_v0_4_3,float64,5865,1.0,,98.72122762148338
tier_arch_fixed_all_weight_v0_4_3,object,5865,1.0,,Gold
S_arch_fixed_active_weight_v0_4_3,float64,5865,1.0,,2.059922513969979
percentile_arch_fixed_active_weight_v0_4_3,float64,5865,1.0,,98.72122762148338
tier_arch_fixed_active_weight_v0_4_3,object,5865,1.0,,Gold
availability_pattern_v0_4_3,int64,5865,1.0,,11111111
component_count_v0_4_3,int64,5865,1.0,,8
available_weight_active_v0_4_3,float64,5865,1.0,,5.499999999999999
row_id_v044,int64,5865,1.0,,0
source_name_v044,object,5865,1.0,Normalized preferred source identifier.,b'4FGL_J0001.6-4156'
S_TeV_branch_active_v0_4_4,float64,5865,1.0,Primary active-component TeV-favourability branch coordinate.,2.05992251396998
percentile_active_v0_4_4,float64,5865,1.0,Parent-sample percentile of the active coordinate.,96.47058823529412
tier_active_v0_4_4,object,5865,1.0,Fixed-fraction Gold/Silver/Bronze/Low priority tier.,Gold
tier_rank_active_v0_4_4,int64,5865,1.0,,3
is_gold_active_v0_4_4,bool,5865,1.0,,True
is_gold_silver_active_v0_4_4,bool,5865,1.0,,True
branch_stage_rank_active_v0_4_4,int64,5865,1.0,,3
contribution_active_xray_brightness_v0_4_4,float64,5865,1.0,,0.7695289932417351
contribution_active_gamma_hardness_v0_4_4,float64,1310,0.223359,,0.1783207572617253
contribution_active_gamma_variability_v0_4_4,float64,1310,0.223359,,0.0050965868376211
contribution_active_wise_hsp_locus_v0_4_4,float64,4863,0.829156,,0.1619508329652583
contribution_active_synchrotron_peak_proxy_v0_4_4,float64,2866,0.488662,,0.761808189247401
contribution_active_compton_dominance_penalty_v0_4_4,float64,1310,0.223359,,0.1976777302429515
contribution_active_ebl_penalty_v0_4_4,float64,5290,0.901961,,-0.0144605758267131
PC1_active_v0_4_4,float64,5865,1.0,,5.676566998745554
PC2_active_v0_4_4,float64,5865,1.0,,-0.1793412486351067
PC3_active_v0_4_4,float64,5865,1.0,,2.4990391446246107
PC4_active_v0_4_4,float64,5865,1.0,,-0.9588287826720696
PC5_active_v0_4_4,float64,5865,1.0,,-0.8300910571737872
nearest_known_TeV_distance_active_v0_4_4,float64,5831,0.994203,Nearest known-TeV distance in standardized component space.,1.7745552318933155
S_active_no_HSP_flag_v0_4_4,float64,5865,1.0,,2.25996370225497
S_active_continuous_peak_v0_4_4,float64,5865,1.0,,2.260763285368298
S_active_no_peak_v0_4_4,float64,5865,1.0,,1.5865841746609286
tier_baseline_active_v0_4_4,object,5865,1.0,,Gold
percentile_baseline_active_v0_4_4,float64,5865,1.0,,96.47058823529412
tier_no_HSP_catalogue_flag_v0_4_4,object,5865,1.0,,Gold
percentile_no_HSP_catalogue_flag_v0_4_4,float64,5865,1.0,,98.48252344416028
tier_continuous_peak_only_v0_4_4,object,5865,1.0,,Gold
percentile_continuous_peak_only_v0_4_4,float64,5865,1.0,,98.49957374254048
tier_no_peak_component_v0_4_4,object,5865,1.0,,Gold
percentile_no_peak_component_v0_4_4,float64,5865,1.0,,97.51065643648764
